[
  {
    "model": "web_api.agent",
    "pk": "A001  ",
    "fields": {
      "agent_name": "Subbarao                                ",
      "working_area": "Bangalore                          ",
      "commission": "0.14",
      "phone_no": "077-12346674   ",
      "country": ""
    }
  },
  {
    "model": "web_api.agent",
    "pk": "A002  ",
    "fields": {
      "agent_name": "Mukesh                                  ",
      "working_area": "Mumbai                             ",
      "commission": "0.11",
      "phone_no": "029-12358964   ",
      "country": ""
    }
  },
  {
    "model": "web_api.agent",
    "pk": "A003  ",
    "fields": {
      "agent_name": "Alex                                    ",
      "working_area": "London                             ",
      "commission": "0.13",
      "phone_no": "075-12458969   ",
      "country": ""
    }
  },
  {
    "model": "web_api.agent",
    "pk": "A004  ",
    "fields": {
      "agent_name": "Ivan                                    ",
      "working_area": "Torento                            ",
      "commission": "0.15",
      "phone_no": "008-22544166   ",
      "country": ""
    }
  },
  {
    "model": "web_api.agent",
    "pk": "A005  ",
    "fields": {
      "agent_name": "Anderson                                ",
      "working_area": "Brisban                            ",
      "commission": "0.13",
      "phone_no": "045-21447739   ",
      "country": ""
    }
  },
  {
    "model": "web_api.agent",
    "pk": "A006  ",
    "fields": {
      "agent_name": "McDen                                   ",
      "working_area": "London                             ",
      "commission": "0.15",
      "phone_no": "078-22255588   ",
      "country": ""
    }
  },
  {
    "model": "web_api.agent",
    "pk": "A007  ",
    "fields": {
      "agent_name": "Ramasundar                              ",
      "working_area": "Bangalore                          ",
      "commission": "0.15",
      "phone_no": "077-25814763   ",
      "country": ""
    }
  },
  {
    "model": "web_api.agent",
    "pk": "A008  ",
    "fields": {
      "agent_name": "Alford                                  ",
      "working_area": "New York                           ",
      "commission": "0.12",
      "phone_no": "044-25874365   ",
      "country": ""
    }
  },
  {
    "model": "web_api.agent",
    "pk": "A009  ",
    "fields": {
      "agent_name": "Benjamin                                ",
      "working_area": "Hampshair                          ",
      "commission": "0.11",
      "phone_no": "008-22536178   ",
      "country": ""
    }
  },
  {
    "model": "web_api.agent",
    "pk": "A010  ",
    "fields": {
      "agent_name": "Santakumar                              ",
      "working_area": "Chennai                            ",
      "commission": "0.14",
      "phone_no": "007-22388644   ",
      "country": ""
    }
  },
  {
    "model": "web_api.agent",
    "pk": "A011  ",
    "fields": {
      "agent_name": "Ravi Kumar                              ",
      "working_area": "Bangalore                          ",
      "commission": "0.15",
      "phone_no": "077-45625874   ",
      "country": ""
    }
  },
  {
    "model": "web_api.agent",
    "pk": "A012  ",
    "fields": {
      "agent_name": "Lucida                                  ",
      "working_area": "San Jose                           ",
      "commission": "0.12",
      "phone_no": "044-52981425   ",
      "country": ""
    }
  },
  {
    "model": "web_api.customer",
    "pk": "C00001",
    "fields": {
      "cust_name": "Micheal",
      "cust_city": "New York                           ",
      "working_area": "New York",
      "cust_country": "USA",
      "grade": 2,
      "opening_amt": "3000.0",
      "receive_amt": "5000.0",
      "payment_amt": "2000.0",
      "outstanding_amt": "6000.0",
      "phone_no": "CCCCCC",
      "agent": "A008  "
    }
  },
  {
    "model": "web_api.customer",
    "pk": "C00002",
    "fields": {
      "cust_name": "Bolt",
      "cust_city": "New York                           ",
      "working_area": "New York",
      "cust_country": "USA",
      "grade": 3,
      "opening_amt": "5000.0",
      "receive_amt": "7000.0",
      "payment_amt": "9000.0",
      "outstanding_amt": "3000.0",
      "phone_no": "DDNRDR",
      "agent": "A008  "
    }
  },
  {
    "model": "web_api.customer",
    "pk": "C00003",
    "fields": {
      "cust_name": "Martin",
      "cust_city": "Torento                            ",
      "working_area": "Torento",
      "cust_country": "Canada",
      "grade": 2,
      "opening_amt": "8000.0",
      "receive_amt": "7000.0",
      "payment_amt": "7000.0",
      "outstanding_amt": "8000.0",
      "phone_no": "MJYURF",
      "agent": "A004  "
    }
  },
  {
    "model": "web_api.customer",
    "pk": "C00004",
    "fields": {
      "cust_name": "Winston",
      "cust_city": "Brisban                            ",
      "working_area": "Brisban",
      "cust_country": "Australia",
      "grade": 1,
      "opening_amt": "5000.0",
      "receive_amt": "8000.0",
      "payment_amt": "7000.0",
      "outstanding_amt": "6000.0",
      "phone_no": "AAAAAA",
      "agent": "A005  "
    }
  },
  {
    "model": "web_api.customer",
    "pk": "C00005",
    "fields": {
      "cust_name": "Sasikant",
      "cust_city": "Mumbai                             ",
      "working_area": "Mumbai",
      "cust_country": "India",
      "grade": 1,
      "opening_amt": "7000.0",
      "receive_amt": "11000.",
      "payment_amt": "7000.0",
      "outstanding_amt": "11000.",
      "phone_no": "147-25",
      "agent": "A002  "
    }
  },
  {
    "model": "web_api.customer",
    "pk": "C00006",
    "fields": {
      "cust_name": "Shilton",
      "cust_city": "Torento                            ",
      "working_area": "Torento",
      "cust_country": "Canada",
      "grade": 1,
      "opening_amt": "10000.",
      "receive_amt": "7000.0",
      "payment_amt": "6000.0",
      "outstanding_amt": "11000.",
      "phone_no": "DDDDDD",
      "agent": "A004  "
    }
  },
  {
    "model": "web_api.customer",
    "pk": "C00007",
    "fields": {
      "cust_name": "Ramanathan",
      "cust_city": "Chennai                            ",
      "working_area": "Chennai",
      "cust_country": "India",
      "grade": 1,
      "opening_amt": "7000.0",
      "receive_amt": "11000.",
      "payment_amt": "9000.0",
      "outstanding_amt": "9000.0",
      "phone_no": "GHRDWS",
      "agent": "A010  "
    }
  },
  {
    "model": "web_api.customer",
    "pk": "C00008",
    "fields": {
      "cust_name": "Karolina",
      "cust_city": "Torento                            ",
      "working_area": "Torento",
      "cust_country": "Canada",
      "grade": 1,
      "opening_amt": "7000.0",
      "receive_amt": "7000.0",
      "payment_amt": "9000.0",
      "outstanding_amt": "5000.0",
      "phone_no": "HJKORE",
      "agent": "A004  "
    }
  },
  {
    "model": "web_api.customer",
    "pk": "C00009",
    "fields": {
      "cust_name": "Ramesh",
      "cust_city": "Mumbai                             ",
      "working_area": "Mumbai",
      "cust_country": "India",
      "grade": 3,
      "opening_amt": "8000.0",
      "receive_amt": "7000.0",
      "payment_amt": "3000.0",
      "outstanding_amt": "12000.",
      "phone_no": "Phone ",
      "agent": "A002  "
    }
  },
  {
    "model": "web_api.customer",
    "pk": "C00010",
    "fields": {
      "cust_name": "Charles",
      "cust_city": "Hampshair                          ",
      "working_area": "Hampshair",
      "cust_country": "UK",
      "grade": 3,
      "opening_amt": "6000.0",
      "receive_amt": "4000.0",
      "payment_amt": "5000.0",
      "outstanding_amt": "5000.0",
      "phone_no": "MMMMMM",
      "agent": "A009  "
    }
  },
  {
    "model": "web_api.customer",
    "pk": "C00011",
    "fields": {
      "cust_name": "Sundariya",
      "cust_city": "Chennai                            ",
      "working_area": "Chennai",
      "cust_country": "India",
      "grade": 3,
      "opening_amt": "7000.0",
      "receive_amt": "11000.",
      "payment_amt": "7000.0",
      "outstanding_amt": "11000.",
      "phone_no": "PPHGRT",
      "agent": "A010  "
    }
  },
  {
    "model": "web_api.customer",
    "pk": "C00012",
    "fields": {
      "cust_name": "Steven",
      "cust_city": "San Jose                           ",
      "working_area": "San Jose",
      "cust_country": "USA",
      "grade": 1,
      "opening_amt": "5000.0",
      "receive_amt": "7000.0",
      "payment_amt": "9000.0",
      "outstanding_amt": "3000.0",
      "phone_no": "KRFYGJ",
      "agent": "A012  "
    }
  },
  {
    "model": "web_api.customer",
    "pk": "C00013",
    "fields": {
      "cust_name": "Holmes",
      "cust_city": "London                             ",
      "working_area": "London",
      "cust_country": "UK",
      "grade": 2,
      "opening_amt": "6000.0",
      "receive_amt": "5000.0",
      "payment_amt": "7000.0",
      "outstanding_amt": "4000.0",
      "phone_no": "BBBBBB",
      "agent": "A003  "
    }
  },
  {
    "model": "web_api.customer",
    "pk": "C00014",
    "fields": {
      "cust_name": "Rangarappa",
      "cust_city": "Bangalore                          ",
      "working_area": "Bangalore",
      "cust_country": "India",
      "grade": 2,
      "opening_amt": "8000.0",
      "receive_amt": "11000.",
      "payment_amt": "7000.0",
      "outstanding_amt": "12000.",
      "phone_no": "AAAATG",
      "agent": "A001  "
    }
  },
  {
    "model": "web_api.customer",
    "pk": "C00015",
    "fields": {
      "cust_name": "Stuart",
      "cust_city": "London                             ",
      "working_area": "London",
      "cust_country": "UK",
      "grade": 1,
      "opening_amt": "6000.0",
      "receive_amt": "8000.0",
      "payment_amt": "3000.0",
      "outstanding_amt": "11000.",
      "phone_no": "GFSGER",
      "agent": "A003  "
    }
  },
  {
    "model": "web_api.customer",
    "pk": "C00016",
    "fields": {
      "cust_name": "Venkatpati",
      "cust_city": "Bangalore                          ",
      "working_area": "Bangalore",
      "cust_country": "India",
      "grade": 2,
      "opening_amt": "8000.0",
      "receive_amt": "11000.",
      "payment_amt": "7000.0",
      "outstanding_amt": "12000.",
      "phone_no": "JRTVFD",
      "agent": "A007  "
    }
  },
  {
    "model": "web_api.customer",
    "pk": "C00017",
    "fields": {
      "cust_name": "Srinivas",
      "cust_city": "Bangalore                          ",
      "working_area": "Bangalore",
      "cust_country": "India",
      "grade": 2,
      "opening_amt": "8000.0",
      "receive_amt": "4000.0",
      "payment_amt": "3000.0",
      "outstanding_amt": "9000.0",
      "phone_no": "AAAAAA",
      "agent": "A007  "
    }
  },
  {
    "model": "web_api.customer",
    "pk": "C00018",
    "fields": {
      "cust_name": "Fleming",
      "cust_city": "Brisban                            ",
      "working_area": "Brisban",
      "cust_country": "Australia",
      "grade": 2,
      "opening_amt": "7000.0",
      "receive_amt": "7000.0",
      "payment_amt": "9000.0",
      "outstanding_amt": "5000.0",
      "phone_no": "NHBGVF",
      "agent": "A005  "
    }
  },
  {
    "model": "web_api.customer",
    "pk": "C00019",
    "fields": {
      "cust_name": "Yearannaidu",
      "cust_city": "Chennai                            ",
      "working_area": "Chennai",
      "cust_country": "India",
      "grade": 1,
      "opening_amt": "8000.0",
      "receive_amt": "7000.0",
      "payment_amt": "7000.0",
      "outstanding_amt": "8000.0",
      "phone_no": "ZZZZBF",
      "agent": "A010  "
    }
  },
  {
    "model": "web_api.customer",
    "pk": "C00020",
    "fields": {
      "cust_name": "Albert",
      "cust_city": "New York                           ",
      "working_area": "New York",
      "cust_country": "USA",
      "grade": 3,
      "opening_amt": "5000.0",
      "receive_amt": "7000.0",
      "payment_amt": "6000.0",
      "outstanding_amt": "6000.0",
      "phone_no": "BBBBSB",
      "agent": "A008  "
    }
  },
  {
    "model": "web_api.customer",
    "pk": "C00021",
    "fields": {
      "cust_name": "Jacks",
      "cust_city": "Brisban                            ",
      "working_area": "Brisban",
      "cust_country": "Australia",
      "grade": 1,
      "opening_amt": "7000.0",
      "receive_amt": "7000.0",
      "payment_amt": "7000.0",
      "outstanding_amt": "7000.0",
      "phone_no": "WERTGD",
      "agent": "A005  "
    }
  },
  {
    "model": "web_api.customer",
    "pk": "C00022",
    "fields": {
      "cust_name": "Avinash",
      "cust_city": "Mumbai                             ",
      "working_area": "Mumbai",
      "cust_country": "India",
      "grade": 2,
      "opening_amt": "7000.0",
      "receive_amt": "11000.",
      "payment_amt": "9000.0",
      "outstanding_amt": "9000.0",
      "phone_no": "113-12",
      "agent": "A002  "
    }
  },
  {
    "model": "web_api.customer",
    "pk": "C00023",
    "fields": {
      "cust_name": "Karl",
      "cust_city": "London                             ",
      "working_area": "London",
      "cust_country": "UK",
      "grade": 0,
      "opening_amt": "4000.0",
      "receive_amt": "6000.0",
      "payment_amt": "7000.0",
      "outstanding_amt": "3000.0",
      "phone_no": "AAAABA",
      "agent": "A006  "
    }
  },
  {
    "model": "web_api.customer",
    "pk": "C00024",
    "fields": {
      "cust_name": "Cook",
      "cust_city": "London                             ",
      "working_area": "London",
      "cust_country": "UK",
      "grade": 2,
      "opening_amt": "4000.0",
      "receive_amt": "9000.0",
      "payment_amt": "7000.0",
      "outstanding_amt": "6000.0",
      "phone_no": "FSDDSD",
      "agent": "A006  "
    }
  },
  {
    "model": "web_api.customer",
    "pk": "C00025",
    "fields": {
      "cust_name": "Ravindran",
      "cust_city": "Bangalore                          ",
      "working_area": "Bangalore",
      "cust_country": "India",
      "grade": 2,
      "opening_amt": "5000.0",
      "receive_amt": "7000.0",
      "payment_amt": "4000.0",
      "outstanding_amt": "8000.0",
      "phone_no": "AVAVAV",
      "agent": "A011  "
    }
  },
  {
    "model": "web_api.order",
    "pk": "200100",
    "fields": {
      "ord_amount": "1000.00",
      "advance_amount": "600.00",
      "ord_date": "2008-08-01",
      "customer": "C00013",
      "agent": "A003  ",
      "ord_description": "SOD"
    }
  },
  {
    "model": "web_api.order",
    "pk": "200101",
    "fields": {
      "ord_amount": "3000.00",
      "advance_amount": "1000.00",
      "ord_date": "2008-07-15",
      "customer": "C00001",
      "agent": "A008  ",
      "ord_description": "SOD"
    }
  },
  {
    "model": "web_api.order",
    "pk": "200102",
    "fields": {
      "ord_amount": "2000.00",
      "advance_amount": "300.00",
      "ord_date": "2008-05-25",
      "customer": "C00012",
      "agent": "A012  ",
      "ord_description": "SOD"
    }
  },
  {
    "model": "web_api.order",
    "pk": "200103",
    "fields": {
      "ord_amount": "1500.00",
      "advance_amount": "700.00",
      "ord_date": "2008-05-15",
      "customer": "C00021",
      "agent": "A005  ",
      "ord_description": "SOD"
    }
  },
  {
    "model": "web_api.order",
    "pk": "200104",
    "fields": {
      "ord_amount": "1500.00",
      "advance_amount": "500.00",
      "ord_date": "2008-03-13",
      "customer": "C00006",
      "agent": "A004  ",
      "ord_description": "SOD"
    }
  },
  {
    "model": "web_api.order",
    "pk": "200105",
    "fields": {
      "ord_amount": "2500.00",
      "advance_amount": "500.00",
      "ord_date": "2008-07-18",
      "customer": "C00025",
      "agent": "A011  ",
      "ord_description": "SOD"
    }
  },
  {
    "model": "web_api.order",
    "pk": "200106",
    "fields": {
      "ord_amount": "2500.00",
      "advance_amount": "700.00",
      "ord_date": "2008-04-20",
      "customer": "C00005",
      "agent": "A002  ",
      "ord_description": "SOD"
    }
  },
  {
    "model": "web_api.order",
    "pk": "200107",
    "fields": {
      "ord_amount": "4500.00",
      "advance_amount": "900.00",
      "ord_date": "2008-08-30",
      "customer": "C00007",
      "agent": "A010  ",
      "ord_description": "SOD"
    }
  },
  {
    "model": "web_api.order",
    "pk": "200108",
    "fields": {
      "ord_amount": "4000.00",
      "advance_amount": "600.00",
      "ord_date": "2008-02-15",
      "customer": "C00008",
      "agent": "A004  ",
      "ord_description": "SOD"
    }
  },
  {
    "model": "web_api.order",
    "pk": "200109",
    "fields": {
      "ord_amount": "3500.00",
      "advance_amount": "800.00",
      "ord_date": "2008-07-30",
      "customer": "C00011",
      "agent": "A010  ",
      "ord_description": "SOD"
    }
  },
  {
    "model": "web_api.order",
    "pk": "200110",
    "fields": {
      "ord_amount": "3000.00",
      "advance_amount": "500.00",
      "ord_date": "2008-04-15",
      "customer": "C00019",
      "agent": "A010  ",
      "ord_description": "SOD"
    }
  },
  {
    "model": "web_api.order",
    "pk": "200111",
    "fields": {
      "ord_amount": "1000.00",
      "advance_amount": "300.00",
      "ord_date": "2008-07-10",
      "customer": "C00020",
      "agent": "A008  ",
      "ord_description": "SOD"
    }
  },
  {
    "model": "web_api.order",
    "pk": "200112",
    "fields": {
      "ord_amount": "2000.00",
      "advance_amount": "400.00",
      "ord_date": "2008-05-30",
      "customer": "C00016",
      "agent": "A007  ",
      "ord_description": "SOD"
    }
  },
  {
    "model": "web_api.order",
    "pk": "200113",
    "fields": {
      "ord_amount": "4000.00",
      "advance_amount": "600.00",
      "ord_date": "2008-06-10",
      "customer": "C00022",
      "agent": "A002  ",
      "ord_description": "SOD"
    }
  },
  {
    "model": "web_api.order",
    "pk": "200114",
    "fields": {
      "ord_amount": "3500.00",
      "advance_amount": "2000.00",
      "ord_date": "2008-08-15",
      "customer": "C00002",
      "agent": "A008  ",
      "ord_description": "SOD"
    }
  },
  {
    "model": "web_api.order",
    "pk": "200116",
    "fields": {
      "ord_amount": "500.00",
      "advance_amount": "100.00",
      "ord_date": "2008-07-13",
      "customer": "C00010",
      "agent": "A009  ",
      "ord_description": "SOD"
    }
  },
  {
    "model": "web_api.order",
    "pk": "200117",
    "fields": {
      "ord_amount": "800.00",
      "advance_amount": "200.00",
      "ord_date": "2008-10-20",
      "customer": "C00014",
      "agent": "A001  ",
      "ord_description": "SOD"
    }
  },
  {
    "model": "web_api.order",
    "pk": "200118",
    "fields": {
      "ord_amount": "500.00",
      "advance_amount": "100.00",
      "ord_date": "2008-07-20",
      "customer": "C00023",
      "agent": "A006  ",
      "ord_description": "SOD"
    }
  },
  {
    "model": "web_api.order",
    "pk": "200119",
    "fields": {
      "ord_amount": "4000.00",
      "advance_amount": "700.00",
      "ord_date": "2008-09-16",
      "customer": "C00007",
      "agent": "A010  ",
      "ord_description": "SOD"
    }
  },
  {
    "model": "web_api.order",
    "pk": "200120",
    "fields": {
      "ord_amount": "500.00",
      "advance_amount": "100.00",
      "ord_date": "2008-07-20",
      "customer": "C00009",
      "agent": "A002  ",
      "ord_description": "SOD"
    }
  },
  {
    "model": "web_api.order",
    "pk": "200121",
    "fields": {
      "ord_amount": "1500.00",
      "advance_amount": "600.00",
      "ord_date": "2008-09-23",
      "customer": "C00008",
      "agent": "A004  ",
      "ord_description": "SOD"
    }
  },
  {
    "model": "web_api.order",
    "pk": "200122",
    "fields": {
      "ord_amount": "2500.00",
      "advance_amount": "400.00",
      "ord_date": "2008-09-16",
      "customer": "C00003",
      "agent": "A004  ",
      "ord_description": "SOD"
    }
  },
  {
    "model": "web_api.order",
    "pk": "200123",
    "fields": {
      "ord_amount": "500.00",
      "advance_amount": "100.00",
      "ord_date": "2008-09-16",
      "customer": "C00022",
      "agent": "A002  ",
      "ord_description": "SOD"
    }
  },
  {
    "model": "web_api.order",
    "pk": "200124",
    "fields": {
      "ord_amount": "500.00",
      "advance_amount": "100.00",
      "ord_date": "2008-06-20",
      "customer": "C00017",
      "agent": "A007  ",
      "ord_description": "SOD"
    }
  },
  {
    "model": "web_api.order",
    "pk": "200125",
    "fields": {
      "ord_amount": "2000.00",
      "advance_amount": "600.00",
      "ord_date": "2008-10-10",
      "customer": "C00018",
      "agent": "A005  ",
      "ord_description": "SOD"
    }
  },
  {
    "model": "web_api.order",
    "pk": "200126",
    "fields": {
      "ord_amount": "500.00",
      "advance_amount": "100.00",
      "ord_date": "2008-06-24",
      "customer": "C00022",
      "agent": "A002  ",
      "ord_description": "SOD"
    }
  },
  {
    "model": "web_api.order",
    "pk": "200127",
    "fields": {
      "ord_amount": "2500.00",
      "advance_amount": "400.00",
      "ord_date": "2008-07-20",
      "customer": "C00015",
      "agent": "A003  ",
      "ord_description": "SOD"
    }
  },
  {
    "model": "web_api.order",
    "pk": "200128",
    "fields": {
      "ord_amount": "3500.00",
      "advance_amount": "1500.00",
      "ord_date": "2008-07-20",
      "customer": "C00009",
      "agent": "A002  ",
      "ord_description": "SOD"
    }
  },
  {
    "model": "web_api.order",
    "pk": "200129",
    "fields": {
      "ord_amount": "2500.00",
      "advance_amount": "500.00",
      "ord_date": "2008-07-20",
      "customer": "C00024",
      "agent": "A006  ",
      "ord_description": "SOD"
    }
  },
  {
    "model": "web_api.order",
    "pk": "200130",
    "fields": {
      "ord_amount": "2500.00",
      "advance_amount": "400.00",
      "ord_date": "2008-07-30",
      "customer": "C00025",
      "agent": "A011  ",
      "ord_description": "SOD"
    }
  },
  {
    "model": "web_api.order",
    "pk": "200131",
    "fields": {
      "ord_amount": "900.00",
      "advance_amount": "150.00",
      "ord_date": "2008-08-26",
      "customer": "C00012",
      "agent": "A012  ",
      "ord_description": "SOD"
    }
  },
  {
    "model": "web_api.order",
    "pk": "200132",
    "fields": {
      "ord_amount": "900.00",
      "advance_amount": "150.00",
      "ord_date": "2008-08-26",
      "customer": "C00012",
      "agent": "A012  ",
      "ord_description": "SOD"
    }
  },
  {
    "model": "web_api.order",
    "pk": "200133",
    "fields": {
      "ord_amount": "1200.00",
      "advance_amount": "400.00",
      "ord_date": "2008-06-29",
      "customer": "C00009",
      "agent": "A002  ",
      "ord_description": "SOD"
    }
  },
  {
    "model": "web_api.order",
    "pk": "200134",
    "fields": {
      "ord_amount": "4200.00",
      "advance_amount": "1800.00",
      "ord_date": "2008-09-25",
      "customer": "C00004",
      "agent": "A005  ",
      "ord_description": "SOD"
    }
  },
  {
    "model": "web_api.order",
    "pk": "200135",
    "fields": {
      "ord_amount": "2000.00",
      "advance_amount": "800.00",
      "ord_date": "2008-09-16",
      "customer": "C00007",
      "agent": "A010  ",
      "ord_description": "SOD"
    }
  },
  {
    "model": "web_api.order",
    "pk": "200300",
    "fields": {
      "ord_amount": "4000.00",
      "advance_amount": "600.00",
      "ord_date": "2008-02-25",
      "customer": "C00008",
      "agent": "A004  ",
      "ord_description": "SOD"
    }
  },
  {
    "model": "web_api.order",
    "pk": "200301",
    "fields": {
      "ord_amount": "4000.00",
      "advance_amount": "600.00",
      "ord_date": "2008-02-16",
      "customer": "C00008",
      "agent": "A004  ",
      "ord_description": "SOD"
    }
  }
]